AccCleanX,AccCleanY,AccCleanZ,AccNet,Label
-0.4312592598964572,0.9261383670958152,0.23235509204240784,1.0477145188701829,aa
-0.5475650910335595,0.9729806363693414,0.3005914225732516,1.1774278647820693,aa
-0.4730161168493377,1.0265433390958918,0.2431410215742931,1.168222318165431,aa
-0.4768957490018802,1.0697584357372407,0.237116191912691,1.2106515010353285,aa
-0.6250121347588093,0.9911387633695208,0.29327463680833643,1.2440049339354458,aa
-0.6491208481249154,0.9466759717562984,0.3372422445245611,1.225428352316537,aa
-0.6703875910191766,0.8996372877979156,0.2896202075958319,1.1813934566261184,aa
-0.5601144984742781,1.0277679405324367,0.27664691609459496,1.2157323447395512,aa
-0.5189843685293536,1.0244665977926168,0.21876686681355806,1.180893604962968,aa
-0.5055911111647144,1.0012558031715113,0.23249462137721494,1.1540688295867825,aa
-0.5733088383532945,0.998217309124687,0.2555729988794604,1.2000070483284793,aa
-0.5628896829310484,0.9358753449950072,0.2566598871790331,1.1394862802443009,aa
-0.6345569681137726,1.028698949927685,0.29586975384354497,1.2590388038728524,aa
-0.6000637091046483,0.9438857878231076,0.2805349508982377,1.18511220238407,aa
-0.5272034393159977,1.009544260065556,0.22461165239949896,1.1765917276428317,aa
-0.505088729154965,0.9986140252460116,0.21381279377471168,1.146109284599948,aa
-0.4770259298159093,0.974568551697864,0.22292812852197946,1.1177524297350054,aa
-0.5586681201761501,0.9578645929059716,0.2143707196014192,1.148773647846962,aa
-0.6007096351092135,1.0005314370249598,0.2683935266909615,1.2163176386182448,aa
-0.5850507585236004,1.0407423668391134,0.2774392387775734,1.2468587066175132,aa
-0.5857643132069021,0.9996207652905108,0.2782741665299409,1.2302800354155063,aa
-0.5590038444318877,1.073146917745163,0.31086899397293066,1.2812537410509008,aa
-0.5629245566020231,1.044852029192763,0.28596120738630265,1.2469196939301677,aa
-0.5678608862329146,0.965966336613286,0.23491869467653145,1.162362122414269,aa
-0.6180623490151618,1.0361849360000115,0.2815900145603884,1.2541234093666975,aa
-0.6120004023094556,0.9669767276400582,0.27477381896293723,1.1954242580998118,aa
-0.6276226371259933,0.9836430452753306,0.2763908658998105,1.2202710106889476,aa
-0.6744582933054244,1.0048529219213722,0.3521243076624257,1.2892549347507776,aa
-0.6051365007280171,0.9415491555936132,0.25505218935885354,1.168966697111277,aa
-0.6227946679452164,0.9995956863300935,0.3758348953349953,1.2597028724436847,aa
-0.7005795030311295,1.0286014801106371,0.3155785264870853,1.307843834130934,aa
-0.6133095446262398,1.0867726702451503,0.32124762047204464,1.3064405923301097,aa
-0.6758503904035799,0.9902105251906741,0.3112911419647897,1.2768756112217892,aa
-0.6931039357825682,1.0548572697826302,0.3419686799143357,1.3482500225004808,aa
-0.602587936519771,1.1185333266089426,0.3460402026647369,1.3388636808289545,aa
-0.6599829474774203,0.9953128677888526,0.32313936215026906,1.2768985140935243,aa
-0.6450146215163601,1.0149656101833255,0.2515366734754825,1.2758819594373274,aa
-0.5915580293531898,1.0859906321919577,0.2485970767793763,1.2883627687659378,aa
-0.592687140188088,1.0340016834458643,0.27887721577582786,1.2634911816758765,aa
-0.5836734463537431,1.0410289890370583,0.22299498565265388,1.2476553706753672,aa
-0.5600897158053324,1.0618508409747762,0.20964890873742592,1.2394015200069728,aa
-0.5918869154317162,1.0737503770402657,0.2185715695128602,1.2644339754797729,aa
-0.5396440511336217,1.042304264932464,0.22785773581643246,1.2261354541245766,aa
-0.6001788109610668,0.9959349824210976,0.2626907919287376,1.2270527766428263,aa
-0.6193605197474328,0.9268907530093512,0.28747246029059464,1.192566319962563,aa
-0.6826423657952829,0.9403792400930508,0.30989910677363625,1.2437774929528471,aa
-0.5877369435095029,1.046366125844608,0.28772780093533196,1.2548957054605772,aa
-0.6403506695124541,0.9825708605419514,0.3059896802753434,1.247811986025377,aa
-0.5681479560034871,1.028823305695093,0.2400495357817589,1.225518131560119,aa
-0.5772226037587266,0.9828732870548932,0.2153434643033901,1.1922097047660325,aa
-0.5330440813551327,1.0420898103840452,0.25184380534649264,1.2198714724665856,aa
-0.5466523690213887,1.0462859476018258,0.2401647904535201,1.2209485276217509,aa
-0.5437880986763844,1.0490379733734176,0.23228378984585946,1.2250770402116766,aa
-0.6192185470780057,0.9558504172154708,0.2825295633979314,1.2079127622194177,aa
-0.6305204510292839,1.0557546984826087,0.2716816812929518,1.2849687148799551,aa
-0.6374746612663198,0.9693795554129301,0.3048510340516925,1.230160809850947,aa
-0.5852111111841486,1.0613706342363012,0.304805108932819,1.2683230822524032,aa
-0.5951035687108773,1.0195708968484998,0.23977815279328896,1.222765992216263,aa
-0.5897370678163543,1.0621912431383311,0.3209312075993026,1.277898392514473,aa
-0.5738516364093291,0.973661709252668,0.2926254110822211,1.20410914089543,aa
-0.5097844352853798,1.0017916462802194,0.20307365517928752,1.1725890926152536,aa
-0.5577227542557528,1.029217842993983,0.2444162961125757,1.2157728099746683,aa
-0.5551839312362238,1.0886341658405398,0.2852375175230709,1.2726144479753154,aa
-0.6038171285636404,1.0056753558897809,0.3108405332932867,1.2488364617764909,aa
-0.5967273725164217,1.0605063974343654,0.27912137273504606,1.2677718287840545,aa
-0.6103567139934858,1.0716224214666703,0.2529879141027406,1.2793091150448253,aa
-0.6177239891294343,0.9832258661682496,0.2399641752954425,1.2073925114264894,aa
-0.6034149512981185,1.1074646414130842,0.2557199427233293,1.3065104577161548,aa
-0.6093277336305442,0.9872731277966316,0.2952245810377148,1.2272056631730588,aa
-0.5427271000424775,1.0995552772730588,0.2835433852657091,1.2760787750932394,aa
-0.6046987075508259,1.0165662297315203,0.27903086702917845,1.2469949314417692,aa
-0.5668850489383476,1.0068207574220582,0.24398174132593714,1.2133270076059222,aa
-0.5281035168977655,0.9964038480312716,0.22730973773885124,1.1780183646163431,aa
-0.5706246459760268,0.9712615898954076,0.2389976133314304,1.1761206374447997,aa
-0.5808863354110985,1.0076607263119082,0.2360471747459169,1.2148125451966156,aa
-0.6129205822555597,1.0115690376589956,0.27668638860464395,1.2346786115122066,aa
-0.648229320236951,0.9483800412450302,0.27397786641967714,1.20879669611742,aa
-0.5921453864653676,0.9883277613262372,0.22370787723163693,1.2004157771039472,aa
-0.5931270321136929,1.02700988249049,0.2924014324500922,1.2567218072659092,aa
-0.5910846380954802,1.0117591659302625,0.262526820889108,1.2376521197843413,aa
-0.5265766481263049,1.0727774378645274,0.23895386978340866,1.2404498514788855,aa
-0.5597310270327506,1.0563881122269096,0.2273023161606168,1.2356827333296372,aa
-0.5512409635855026,1.044377916994038,0.23270213546451535,1.23561918296056,aa
-0.5761114124975195,0.9857210311872932,0.2638318506239499,1.2153694979384928,aa
-0.6359082690255371,1.0287781028999583,0.2944493348559092,1.2661368256878878,aa
-0.6045140658917992,0.9528573841063058,0.2833313633898196,1.1831268042047045,aa
-0.590694037116379,0.9381006891580772,0.2742952481397528,1.1712838963158576,aa
-0.5923315081238695,1.050690979427528,0.25763331824272423,1.2485814409029086,aa
-0.5907686523872767,1.069541418616491,0.2453081237149988,1.2611642803033518,aa
-0.5311420582855922,1.043695172642836,0.2159016467286709,1.2043459249556847,aa
-0.5127899750008783,1.0349194598944151,0.2213918112335734,1.1933210690559388,aa
-0.630947385883333,1.0490748252735076,0.2786424918203909,1.2917423935696928,aa
-0.5719597711554509,1.0714912928624851,0.28403778002875724,1.2736945683992014,aa
-0.6507935448543609,0.9906913276888356,0.3251412989347593,1.2617253683317913,aa
-0.6471829686132676,1.0461012668955656,0.30837096550010346,1.2892779820427809,aa
-0.5142792166161746,1.055842257554097,0.27440343001280604,1.2186169755975762,aa
-0.5611329573533558,1.0688463227692415,0.23693224876529625,1.24875785941589,aa
-0.5207914219052305,1.0570844890638325,0.217106698774635,1.207234718438838,aa
-0.5518143704789578,0.990146954014491,0.272951843882077,1.1698812170362485,aa
-0.371699561099599,0.9341359396112144,-0.11252568285595704,1.040493543989954,aa
-0.37950809239303895,1.0358059373597903,0.05551953174938087,1.111491571597448,aa
-0.6201131615816298,1.0125879668038404,0.3248851561563829,1.2677829826893678,aa
-0.5675378530941596,1.053054406979592,0.30218486081973445,1.2489397717648705,aa
-0.6367597642453454,1.061068881595836,0.24805790005073455,1.2847161157004323,aa
-0.6331934788906909,1.0217569448811226,0.2406083895260379,1.2573121360516215,aa
-0.4962041322284898,1.098655028043478,0.2349653260044685,1.2453904943589498,aa
-0.5558790378884615,1.047652976001728,0.22674909633549034,1.2271467968877972,aa
-0.5354508248154927,1.0266390486604429,0.2376838555478989,1.2096866802502857,aa
-0.6014656414784992,0.9915460062541004,0.2492132417685209,1.2260751195294886,aa
-0.653387469291639,0.9783520552848164,0.3420288414776803,1.2558758640419097,aa
-0.6132148964910381,1.0346085530450109,0.2641589422974018,1.2439058986955251,aa
-0.5526904878500982,1.0930772065495358,0.2942892449859264,1.2704133987191564,aa
-0.5496608831119176,1.0796508419784074,0.26934092180049346,1.2533208958098407,aa
-0.507349663470923,1.0730492426969649,0.2254307566033207,1.2191493213081124,aa
-0.4760909570946443,1.0076116934003216,0.23998894147922264,1.1530882331348469,aa
-0.5700821599107435,0.989430259670874,0.2602406377246207,1.1982648880846396,aa
-0.6334364564343274,1.0295616639843643,0.2819887269626405,1.2615299063040124,aa
-0.5952549643980953,0.9607663474614508,0.3094199071960809,1.1953767808755418,aa
-0.5426896441141017,1.0921924094591935,0.2756760275300721,1.267784784141461,aa
-0.572377814801881,1.009082532571113,0.23639462113556264,1.202733201948374,aa
-0.5530424081851961,1.0131738690177357,0.24955108320592445,1.2107167417222289,aa
-0.5214834063333151,0.9990215961138962,0.20970534100904709,1.1660912710038516,aa
-0.8979089556380698,0.9398657846426164,0.37487667465719693,1.3528195396870075,aa
-0.6650715991645211,1.0018948731763189,0.4173900067113269,1.2740790965413609,aa
-0.4565523593734964,1.0639305809232908,0.22370916572135072,1.1997031526425748,aa
-0.4560921668150255,1.047790720077242,0.22221497650155173,1.18813736142258,aa
-0.5290836018555644,1.0215060495131263,0.24678086808402036,1.206169512967108,aa
-0.5435390380689583,1.044737522293803,0.19684390968988294,1.2079419517815195,aa
-0.6007974242330215,0.9848523780552288,0.24504845448013934,1.200395521381241,aa
-0.5464420769209387,1.0059722082828468,0.2497065629555438,1.1917635303647014,aa
-0.5310220639171378,0.99719183223889,0.22572464615884144,1.1743336827395108,aa
-0.4770537234058138,1.0131501145815642,0.2106816843490548,1.1521816861201963,aa
-0.44788524821907577,1.040076690396562,0.2177624569901816,1.170016769827776,aa
-0.5600098426493271,0.9985585409005046,0.2939899589387833,1.20580991931239,aa
-0.5778005458255531,1.032279397243144,0.2127417363730385,1.2132452612939997,aa
-0.5696769042914395,0.9765937562573236,0.2519854271689627,1.1818644957189726,aa
-0.5314696339058224,0.9842192073040004,0.2256884027479125,1.1680023137420532,aa
-0.5061816375054675,1.0106565451755318,0.211271619160348,1.1703202679443176,aa
-0.5222407171617859,1.005164726780636,0.19623619907315448,1.1662067074535638,aa
-0.566603960000291,0.9701218819955816,0.2462204165049567,1.1790182030695124,aa
-0.5920828193680047,1.0480532816649906,0.24968489001988906,1.2455868186058523,aa
-0.5401885965128101,1.042064133379237,0.2639042089218924,1.2152078240488633,aa
-0.5981035231174875,0.9911471275687436,0.28161825550926783,1.2223700442088037,aa
-0.5236149441062103,1.0106051490726191,0.21587173585319344,1.1842949150899942,aa
-0.5047993009038155,1.0337108149279002,0.20256939731135085,1.1876596064246734,aa
-0.5026721679701202,1.0272497686668278,0.2375805116454845,1.1933312720793738,aa
-0.5227154313961598,1.0288942682750069,0.2266310925877669,1.1962461162821283,aa
-0.5819650808974619,1.0432975684151722,0.22997024899377666,1.2314948052039305,aa
-0.5394685994093112,1.0899617185449253,0.2680000972851244,1.2564254910435102,aa
-0.6155682289429748,1.004693742362948,0.22884521212810316,1.231606038089353,aa
-0.554652199165804,1.0286864221408931,0.28267170034582473,1.2392685358081732,aa
-0.4788976790590204,1.0568999878643108,0.22784831334650996,1.1975347304862252,aa
-0.4779709343283924,1.050607639935773,0.1707417159142652,1.1817771087592626,aa
-0.546388095434832,1.034026020964688,0.1980082885572672,1.2074423614734269,aa
-0.6142324760374549,0.9769690231443308,0.2890158043677021,1.2186601503537189,aa
-0.5655371394406039,1.06541309592688,0.28381207459387603,1.2526242904008638,aa
-0.5833971982473586,1.00554173530153,0.3268375007114993,1.2411605404450747,aa
-0.5508530902845046,1.0610274878972143,0.27078980694110844,1.2504153194063796,aa
-0.5447602054942403,1.0612598374032738,0.2661216233732737,1.243694438623367,aa
-0.4948391996766876,1.0628109721248646,0.2269337998718865,1.207075508271354,aa
-0.4797779322356573,1.0770814403284037,0.22717370657734534,1.2111226994960262,aa
-0.5240622898325119,1.0412026168198,0.2721167353219889,1.2224559563735873,aa
-0.5749414017944479,1.0632611318173877,0.1948741139672743,1.238494908041669,aa
-0.5388382312654101,1.040833457870027,0.3022616754040586,1.2250511813219722,aa
-0.576898968710776,1.0628546169877209,0.27444420689869425,1.2575962280340156,aa
-0.5154535533223215,1.0839896320054103,0.2517392123624748,1.2389181434620402,aa
-0.5419983779072552,1.041380839116404,0.2504170459633375,1.230575368759364,aa
-0.4850392452383406,1.057597000482276,0.2436736979137981,1.2101113290034136,aa
-0.5079827620664057,1.0545564211262803,0.21264586668514074,1.2089909010904103,aa
-0.5846931988053314,1.0631719996067046,0.25186201427739363,1.2647608286249414,aa
-0.5318728603833651,1.0753467116086222,0.23701763895432515,1.2342115995302754,aa
-0.5580887567888175,1.0844533087271726,0.2578214143347096,1.2586358992273765,aa
-0.5535800358914732,1.0974896672969978,0.2429050350528849,1.2666657613282155,aa
-0.5225540103863817,1.1208651717915143,0.2363376610738697,1.2692927321380474,aa
-0.4961998926687572,1.1271149806571157,0.2306469890773264,1.2666756680296662,aa
-0.4688327502926595,1.0756014995593828,0.2446928068116312,1.2174299599945773,aa
-0.5663934728243862,1.019658712216788,0.29306501324787554,1.2421839813784896,aa
-0.5113220817226997,1.1043495055458867,0.19747059997288474,1.2463582065493943,aa
-0.547838197182852,1.0877760581072606,0.2615511112736097,1.2616238543067566,aa
-0.6254519419595005,0.9813945296826804,0.31170876105973205,1.239970216152026,aa
-0.5670744244225279,1.0874893128571252,0.2341429243674316,1.270338623670468,aa
-0.5105597412026235,1.103143505954648,0.2781017749976273,1.2670253966021057,aa
-0.48531092620308297,1.127789440481502,0.23128267116060586,1.2619457615752925,aa
-0.4910185896969933,1.0735656500088009,0.19320880584471825,1.2121091616376831,aa
-0.5177438799247719,1.0748550779066677,0.2303608944397761,1.240265223460192,aa
-0.5799777503128624,1.0298349364018664,0.3251179463303457,1.2658493337078618,aa
-0.6228723274089983,1.004005654013406,0.3171312440813535,1.2609751302447734,aa
-0.5663276971877709,1.104556765738602,0.2257921350898466,1.2778792724442851,aa
-0.5245379110338154,1.1339415598469875,0.2413365768530715,1.2859683539717357,aa
-0.6243246669355221,1.079720929487777,0.32616184133394394,1.337865403075602,aa
-0.5512538813579221,1.1041520641120488,0.28463433362377355,1.3141364881301607,aa
-0.540700621113364,1.0585447583221976,0.2792829827141859,1.256676234417248,aa
-0.5038014897887126,1.0681372472370156,0.25412492924638386,1.2392214233168162,aa
-0.4867713526597421,1.1160605019820342,0.2296214633237353,1.2561250595437061,aa
-0.5586158194896579,1.1035270640706902,0.2971828627922469,1.2937220885455794,aa
-0.5239262246423952,1.1140267779110116,0.2952068632110417,1.2818752327104874,aa
-0.6345769941984679,1.001937461555381,0.36639878938585696,1.2823240894804764,aa
-0.5992684904213307,1.0421461250203359,0.2582260990760417,1.2681208993988229,aa
-0.4903793171009938,1.1799278161273925,0.29871413792526297,1.3344371856058854,aa
-0.5205289702868158,1.0451312447103331,0.2870535346362435,1.2280220191942472,aa
-0.5114490142107563,1.114029395486876,0.26454356694229353,1.2733047805321085,aa
-0.5031052457466282,1.1132734202731418,0.23951214828763,1.2648381118542025,aa
-0.5264831001224214,1.0904795675917305,0.28279284617669603,1.2740344229023786,aa
-0.5848080895441695,1.0425170056166364,0.32203422753672223,1.2752263321958892,aa
-0.5422065006109719,1.0821479192345569,0.2715744622319677,1.2578552092522135,aa
-0.5942088436261621,1.0924037731581762,0.2742273143947239,1.290867030104926,aa
-0.5202989651525517,1.1232855487988234,0.2826433500150512,1.2864809659277066,aa
-0.5141994111014111,1.1010749749105424,0.2669176018177992,1.2653026560792784,aa
-0.4939601741733122,1.1389715062640229,0.2524902414443153,1.281546219142509,aa
-0.4653379402879181,1.103103942634959,0.2501886528884651,1.2445442835084075,aa
-0.5328312877983802,1.046964887586985,0.263128301793987,1.2362087488867195,aa
-0.5918556192641122,1.0040754869184294,0.3040394185638655,1.2432625529758097,aa
-0.5590491540881734,1.0895016266336857,0.27703329493767304,1.2685799565855802,aa
-0.606654994958127,1.0189724505612563,0.2967733811792809,1.2511225198627798,aa
-0.5931023878130303,0.992040901371778,0.30112815332676,1.240702665154582,aa
-0.5267779179182565,1.0261987183189134,0.21141845047053895,1.1869426667724563,aa
-0.5034075007228613,1.0612747024868487,0.21965521042577865,1.216795252366448,aa
-0.5812567689174762,1.020508522899715,0.28990134908758336,1.2423388113883715,aa
-0.5264059113115362,1.053820904166447,0.2923526089213237,1.227247461028927,aa
-0.5331293109179123,1.0651720754163696,0.2283707450711193,1.2194323175227866,aa
-0.622608976528411,0.9637088707245894,0.2254297682338723,1.1900797707719777,aa
-0.5501781017412032,1.0634093516344243,0.24355120321733015,1.2364920969243487,aa
-0.5580695522917191,1.0079865390906289,0.3028918382249247,1.2043611907540197,aa
-0.5744309654166169,0.943893477758782,0.29794971352464195,1.1579720155126847,aa
-0.5928117626082862,0.96280517452601,0.3000935442709458,1.192812609970783,aa
-0.6020875127239806,0.9699664957453732,0.2984445979942217,1.1914559140648846,aa
-0.5689525724488645,1.003259027398303,0.28660833733262003,1.1930196013704328,aa
-0.6264370789628105,0.9509694721250004,0.3032725551516587,1.189653584002066,aa
-0.598025285359598,1.0239827715580485,0.25270263888555416,1.2191004482825492,aa
-0.5615922284565577,1.039228171989948,0.27401145496633106,1.219786001716398,aa
-0.5843465751619941,1.019743094753872,0.25532996801002866,1.2159381963930231,aa
-0.5821621069494303,0.9993742034488572,0.2552803922874914,1.2096962253406027,aa
-0.5845975658200603,1.0590161252684305,0.2518992128606388,1.25817968587275,aa
-0.5693608884241868,1.0274185444318027,0.25288408680730684,1.2242244865254697,aa
-0.5685768339015909,1.0377766542492046,0.2420916075669139,1.2219862284493201,aa
-0.5831167452136028,1.0705393514744916,0.2977370818050321,1.2741381160852236,aa
-0.5776938595452078,1.0093557553653696,0.3277871790994187,1.2443724497359518,aa
-0.5102968978373452,1.078915539859305,0.2651930795417176,1.2502491199428998,aa
-0.5160908182782918,1.0573184681783656,0.2471024659580489,1.2176808341453902,aa
-0.5382463640616343,1.0284967883490552,0.2609664041141032,1.2139005904277864,aa
-0.551915040814656,1.0181353574736236,0.2955886451570809,1.2171138936966306,aa
-0.6354894886709475,0.9918327668034668,0.2762358711953097,1.2305466701609236,aa
-0.5822093861316711,1.049527780218436,0.21335784872776992,1.2326714028928214,aa
-0.5646338042783781,1.0035250494043728,0.30011244933652714,1.2204273811405801,aa
-0.5164347297123004,1.0834357895892075,0.2116612146618869,1.2298867039834536,aa
-0.5207410786950384,1.0155077454022523,0.1635100789800918,1.160025168403549,aa
-0.393660614338318,0.9572811033731768,-0.02825459766846817,1.0511051116117145,aa
-0.4737513800092867,0.8502914730087796,-0.19322582455651996,0.9925666840860558,aa
-0.4764639727871221,0.8527544702399869,-0.19041673339436355,0.9952613124873709,aa
-0.4613961044193281,0.8610899211687305,-0.17267786109631228,0.992483686910038,aa
-0.44774645014167,1.0365165877001763,0.09830220922314152,1.146154913418713,aa
-0.5190956712748198,1.1043224054305734,0.23595462944041326,1.2636763317916209,aa
-0.5928347032997927,1.0402923068989292,0.3624013765581055,1.2965970317851725,aa
-0.6107380470372131,0.9896327901641764,0.33121236073755034,1.259957738122567,aa
-0.6836287494386517,1.0535220817570157,0.27069448618770514,1.3153338421095515,aa
-0.5598934397722919,1.1507233077067522,0.2993840561456957,1.3293506362146976,aa
-0.5989608154151901,1.0908797335381224,0.3277745631410782,1.3157705943458082,aa
-0.5460605647730269,1.07354561882477,0.2999388856873685,1.276068077536296,aa
-0.5217003747873139,1.0999890171199789,0.2455023593078349,1.256606073438813,aa
-0.4879941886506258,1.077904709944893,0.21654029365034005,1.2202004585680073,aa
-0.5176984308177079,1.0360633136424953,0.20102058328921213,1.1959273314118468,aa
-0.5312439141347406,1.0163379166592157,0.28446513179521565,1.2204322370067069,aa
-0.5801842477420035,1.0221089634965932,0.3136507281779689,1.2477903877895895,aa
-0.5363929756568834,1.105606351829517,0.26529035227058606,1.2661717376245027,aa
-0.5692042133262905,1.1011080581698016,0.2740269244904253,1.2798804256409952,aa
-0.5739297776060469,1.0417889493487242,0.18346650535027412,1.2184746448172712,aa
-0.5873504565301193,1.0491176872066523,0.33757262581977265,1.2944278034582724,aa
-0.5388090157253221,1.0911627967498263,0.24443662358188775,1.2673163376796428,aa
-0.5021318981232742,1.075594061966519,0.2431033252839303,1.2274422016844972,aa
-0.5299855073678378,1.0662614986500276,0.23349080120758944,1.2289740652764387,aa
-0.5800391489311739,1.0239555598832737,0.3120237972317367,1.2617177389522904,aa
-0.8183303736976548,0.9681110364947384,0.4999841046277682,1.3742196735201515,aa
0.14402392053402782,1.140941367011582,0.2968925387000502,1.191309887219444,aa
0.31996792735577,1.1390090654216032,0.2111690431943926,1.2235089198950753,aa
0.3428897214911718,1.1093513787897944,0.2209724727533226,1.19726111073526,aa
0.33330021767956786,1.0831346608736063,0.24428660288147674,1.1754118840452803,aa
0.29069888502360497,1.1416035215810734,0.2575151259088495,1.222517814171861,aa
0.2376714569464789,1.0785018391759904,0.16460654387589016,1.1253419798715711,aa
0.2608069206065757,1.0925259372474962,0.21192544393007115,1.1557926466546162,aa
0.34089342987576016,1.050096121097685,0.2220631197286449,1.13065950672833,aa
0.2705985688280564,1.0925498800153262,0.19972675092047573,1.1518359950365418,aa
0.2385902976769222,1.111397288898662,0.2742895933556914,1.178395317313066,aa
0.23457168998686306,1.1446076875082505,0.2378515196115041,1.2054970882798262,aa
0.2678808896404618,1.1364649691820572,0.19605847979381508,1.1985724705744782,aa
0.32714679087396625,1.0805467133829934,0.21120862825767112,1.1591119015913989,aa
0.2882899955563018,1.1182499111363922,0.26845708145748365,1.2044594518954919,aa
0.24654188028459706,1.163953050643871,0.3013594431238555,1.2449720045777088,aa
0.2772977595583301,1.1017573882731957,0.23920674051246146,1.1709285703111845,aa
0.3001460462758566,1.1637960669484044,0.2956505878770337,1.2576186040046369,aa
0.3225178322611961,1.09958790628855,0.2451601033628309,1.1869348163862343,aa
0.3284971370113239,1.0976054768486891,0.2021589416159739,1.1798836775509192,aa
0.23265230076891574,1.1208813454347546,0.2270850015091621,1.188387643081371,aa
0.24958528376704986,1.089245086459228,0.2548590533605828,1.1557877147557716,aa
0.317542976071124,1.1314662867955587,0.3014398533528161,1.2263273145568838,aa
0.3520587101132868,1.1220977056453272,0.25162926274031394,1.2206207826022717,aa
0.3569858828826218,1.1078231911764258,0.27316568594139523,1.2093149513433032,aa
0.2877924174744282,1.115497797581693,0.2554630637078857,1.2041928781725997,aa
0.3218878391662768,1.1511822498907522,0.19018367659096805,1.2276286593397885,aa
0.2611724021667483,1.1395954091625642,0.3040155316767385,1.2270256870656242,aa
0.327674082883261,1.107575542013591,0.30956759825907165,1.2097764345838242,aa
0.3315151143494344,1.1329581446339672,0.2760742019625294,1.229667728687431,aa
0.3599392598813068,1.101610216239112,0.2470362400383401,1.1954993113989485,aa
0.3665570836269704,1.121613621143008,0.2458800661126041,1.2258036649501007,aa
0.2440830162433817,1.1588256689653684,0.21235557311054354,1.2297512358971934,aa
0.3174388475793856,1.1569311016048354,0.277013255639912,1.2408493172953636,aa
0.30986766620606404,1.1598328246417189,0.2609228639088333,1.2412388255361977,aa
0.2942019013393736,1.1517390463165245,0.22948968651013846,1.2324325030162746,aa
0.3468411845497109,1.0916618773080828,0.2216079515582884,1.1883977168897706,aa
0.367258137838424,1.1098777999212386,0.2508373850684084,1.217560056490928,aa
0.3126975658427717,1.122971533921718,0.25064432165047,1.2216403273848189,aa
0.26981145739009155,1.1504025462688394,0.26075194912578153,1.236708127407118,aa
0.2944512924097831,1.15594999909233,0.3373269944264628,1.261172055654585,aa
0.28758641731493906,1.1414958450232413,0.2755830055574067,1.2309240440604852,aa
0.3268403500138484,1.1052424545387884,0.23646218007074665,1.1996558027317472,aa
0.3416800623847033,1.082822776630303,0.20608078293825005,1.1740206582263009,aa
0.3601318198102069,1.1111352082709112,0.2630567617429085,1.2219788932350886,aa
0.3274309098254192,1.108203281701227,0.2584797298084756,1.2113487369322862,aa
0.2856033951376532,1.154724331103795,0.2310426607416808,1.2405061174301228,aa
0.19982324062890325,1.1458792194738625,0.3083771076373686,1.2315453304884565,aa
0.3165837486793923,1.1789325048614303,0.2704477383485633,1.2682908799707309,aa
0.30451395789243585,1.1722907397564786,0.3156622211309635,1.28851944307687,aa
0.34644462135295884,1.1751955076986609,0.21311195983367195,1.2682622709215263,aa
0.32341806540950385,1.1172736480832786,0.21568716783277095,1.2024172542170886,aa
0.2787010506281476,1.1145585617495883,0.20215755934264334,1.1892876905730494,aa
0.3033716859798142,1.1728504443637005,0.2649921681400969,1.2669536296234098,aa
0.26520944791223205,1.1338888187920229,0.3307146006180845,1.2428587604957857,aa
0.2659793394193978,1.1756421352659248,0.2404644550622427,1.2538711908416071,aa
0.2815401868882581,1.1363204738577104,0.2899437749073714,1.229418436279529,aa
0.3355305495775122,1.1092383928403096,0.24719021120172502,1.2016289346392153,aa
0.35450025333911284,1.0890725903226817,0.2379473814354077,1.18611754639733,aa
0.3670854594832233,1.13090701751763,0.29969160215696616,1.2474432094593322,aa
0.2687690931873718,1.0876165535131994,0.3428286523290908,1.1997065227427113,aa
0.2499683124121061,1.1609971578881302,0.2232073485862909,1.2299552925892856,aa
0.31759535135672434,1.1729067520046037,0.29313577465005697,1.2742392853871412,aa
0.3208164581283437,1.1095171937258246,0.2601335904904782,1.206228324237948,aa
0.3293164940125224,1.1140261144514438,0.2275889038927225,1.2073094996594065,aa
0.3358979069771336,1.1013468037772751,0.23205639736972694,1.1943273110820656,aa
0.29886230657630786,1.0981205758528922,0.2414941350701669,1.1838104900565114,aa
0.2432744953901908,1.1413079853480306,0.23789405779197745,1.2003708187419324,aa
0.1649726291551336,1.1250709757327026,0.3099557228033911,1.1937906897682644,aa
0.2201093216989052,1.226776940324737,0.32569012365546257,1.3037903994813171,aa
0.2068811588652318,1.1435641022999388,0.28656389199723004,1.2244792548246282,aa
0.22504135404387896,1.1400758364876562,0.23338835892917295,1.204546966215578,aa
0.24154237689709346,1.1090146403280288,0.2435503887147428,1.1787539947674817,aa
0.2144754629540272,1.1118696800311858,0.3433454328873196,1.2050230088959957,aa
0.1306163074962419,1.1787206702159698,0.3555681471331801,1.2692575587923658,aa
0.2367050427472598,1.223427063533319,0.327051802985859,1.3014854005638066,aa
0.1298800481356147,1.177486575451665,0.2678996006121787,1.2378871906762523,aa
0.24420549882271225,1.2282834365781825,0.3062280367842425,1.3075451319472042,aa
0.29011101451959515,1.2223383133106385,0.20453809334639786,1.298684235872677,aa
0.3680596654840573,1.1438773435865857,0.20163804282064365,1.238860703681656,aa
0.35413255152094825,1.1215683458445889,0.25359102363370745,1.2226611635599534,aa
0.2790144328998089,1.1267354552275872,0.2995318170015395,1.2321880949755633,aa
0.31220739556360805,1.1638984691114642,0.2807608393994653,1.266790671160949,aa
0.2243550674549293,1.135585104487229,0.3174230463835909,1.2338373888001228,aa
0.3358784998590739,1.1482349908180074,0.2645093187640402,1.2440405286766278,aa
0.3017446499894477,1.1692104257261722,0.2566909535733614,1.255373831527303,aa
0.32389583683735074,1.1270270956407866,0.2925150891525461,1.2273251184696499,aa
0.3291149418132317,1.112257729113303,0.22275412376662565,1.2000728087651382,aa
0.32508218112156384,1.1260755486902247,0.2335096863192073,1.2195353333479613,aa
0.3573108366014201,1.1618434391781145,0.2792218068113194,1.2732240824830865,aa
0.29715583446425353,1.1387516089402832,0.29625284321575884,1.2357623806830385,aa
0.23373773818241614,1.1314391387642038,0.2645528593611485,1.2131815482317432,aa
0.3012961539218228,1.2096775806917066,0.2428967366164757,1.2925561090364812,aa
0.2915456259296678,1.1628619578349355,0.27724383635741423,1.2653682801475097,aa
0.34705773603781664,1.1469703700010474,0.1577272486000569,1.2356583942583914,aa
0.3738006807662307,1.1045316491227462,0.18074848406733868,1.1993934653899725,aa
0.3839745369142247,1.1570663706699058,0.2903020947943568,1.2747935752424178,aa
0.3212858148520559,1.1241846424682398,0.2853931516658679,1.239511566025262,aa
0.2927223985658913,1.1762707512029862,0.2772629318603445,1.2636585435016967,aa
0.30028038882070257,1.140251497554058,0.2908206270096509,1.2282566932817935,aa
0.20459470573121086,1.140801766350267,0.3091921727067292,1.2317088499762552,aa
0.3247010254657209,1.1410805411101332,0.2359207833214783,1.2248802623376427,aa
0.35529151408801096,1.1478202614866506,0.18802679027179933,1.2389617916597326,aa
0.3332352716036758,1.1149228028646423,0.20907774325581813,1.2042796866172638,aa
0.3066398677042465,1.148364952705323,0.2136454903579983,1.2424035955898658,aa
0.2428500055637209,1.1611947872687067,0.2017671592722092,1.2399625746277398,aa
0.2933138430703014,1.2190136732304018,0.228679969699199,1.2993333540930068,aa
0.2430210292785798,1.177783693021334,0.2888792554735624,1.269532360370267,aa
0.26695696861052576,1.2215546472006202,0.21563150933903866,1.2991527192681511,aa
0.3406768834732313,1.120758459295952,0.33684698880081515,1.25145580795416,aa
0.33232019358930903,1.1206662227419677,0.21223987876241568,1.214676870260618,aa
0.35466206754260005,1.0803525167430557,0.2072552015103727,1.1705691908182465,aa
0.3598898271171071,1.150176961719495,0.2844167895569897,1.2649387971542785,aa
0.3278261424360537,1.1511963973246395,0.3167615025558057,1.2638213226952522,aa
0.3169686626267593,1.1299703740689582,0.29384485525003073,1.2313249864296514,aa
0.2641347333616703,1.1810265021271846,0.24696211177302704,1.2613047769601222,aa
0.2615705939794737,1.201925931554933,0.2268614365925497,1.2828068962283858,aa
0.3208308526155294,1.1599350229402712,0.22244883353624956,1.2562672805734387,aa
0.3541451767801616,1.1519751123136657,0.23918554091874344,1.2520379842736091,aa
0.3739823844587299,1.1415504308282431,0.30023650015956793,1.2714832511945606,aa
0.2948724762164907,1.1675340269034422,0.2623180977372872,1.273687643007811,aa
0.2856125487694102,1.150881695575272,0.3344716506249073,1.2642613842440598,aa
0.21763684707932274,1.1657486954718022,0.22883389645347765,1.2406399633728002,aa
0.2512624468981723,1.1673548049189897,0.29702554557954713,1.262479939268576,aa
0.3669425063263254,1.1744666870193416,0.3386145563771246,1.2968123504814415,aa
0.3371216012303697,1.2123326252470297,0.21356712101431605,1.3051295048268512,aa
0.324568567598364,1.1768302568190454,0.1833660235836739,1.2620738820547015,aa
0.3506075504087092,1.1616966115523393,0.2252981681783147,1.2593698018091868,aa
0.34161577029607737,1.2349890618832304,0.23000213309143136,1.3303408049464391,aa
0.382770369242975,1.1867368220351011,0.3211810605339286,1.3133920216361836,aa
0.3337601984273369,1.1828577041546116,0.3239304318992656,1.2935033129892437,aa
0.3208424751032095,1.1473616710444805,0.27337720591736125,1.2469155331065056,aa
0.29762069829708265,1.159347772974826,0.3121512844423263,1.2690339901086622,aa
0.308866580419886,1.2099818644837659,0.2706400106214623,1.3188017959093572,aa
0.3259850686158729,1.1673551094090695,0.2325242418944766,1.2726445704426663,aa
0.33425813306834845,1.1521286594177145,0.2314220280786898,1.2504587597993846,aa
0.3673763929594751,1.1305972129090869,0.20705184973594748,1.2356550200544782,aa
0.3214697060917742,1.1959090650908106,0.2363160232335429,1.2971245480292106,aa
0.3042138381671745,1.2199778140496478,0.2571622124811302,1.3126239795765486,aa
0.3214634714124609,1.1639876115179646,0.3233436542838032,1.274300994387332,aa
0.1974673279177005,1.2113505436728482,0.3105748580838067,1.2934538323031497,aa
0.4227024691392376,1.036455157643709,0.19338301244435335,1.142958424856087,aa
0.2495467505162408,1.1297221518967568,0.28363941194633063,1.2079892537985115,aa
0.14655893343530513,1.1232258933752757,0.2600067617906441,1.1973091989954836,aa
0.2866606202069317,1.0953752346492085,0.2497200137841319,1.1755151391500185,aa
0.3285332753059183,1.0868236230555004,0.2178679589517057,1.1709197846091388,aa
0.34346097494587186,1.107922824550699,0.2290518448152215,1.193505141026962,aa
0.35136482860147744,1.0873038237433654,0.2421473399934456,1.1878792533928817,aa
0.2825566359828165,1.1312416301600428,0.23071212891748305,1.2098399112316016,aa
0.2876066228569097,1.127553651145642,0.2632770256027173,1.2071138147428142,aa
0.2645622402293075,1.1843595533808504,0.2351779191216634,1.2513667954119951,aa
0.2646764999826104,1.1621450573929222,0.2583088520666502,1.2414090602636207,aa
0.30654632049360403,1.094484328989387,0.242368573327454,1.1805657536355187,aa
0.3184689760051986,1.0777098056099854,0.2254935042960176,1.164831679599159,aa
0.3063115172095845,1.1206680151409945,0.2636505142815724,1.208625635222654,aa
0.2822369321088735,1.1493983388144755,0.2626457317272265,1.231505646640126,aa
0.2772047778222997,1.179761997430783,0.2919028132390365,1.2640349610050579,aa
0.22153355124466614,1.1271670576729338,0.26455632027409176,1.2095361165813123,aa
0.3145221186783083,1.1640785710595538,0.20628031796163715,1.2499505878111905,aa
0.29090684180571386,1.1519300129135168,0.22055059645385147,1.2336393036146096,aa
0.3541478518690451,1.1211389197610062,0.2476802331801197,1.22257113785432,aa
0.3325198672991087,1.0935802351823092,0.25503061177499625,1.1942283971988013,aa
0.3145258732851089,1.1255869412222328,0.3024128169032271,1.231014153111958,aa
0.2602439510822985,1.1550596316466517,0.26399786789515445,1.226548893032422,aa
0.20329059785007905,1.1409730932406847,0.2196891988726611,1.1996623973079141,aa
0.2785201189701615,1.1413595380794754,0.272201446311073,1.2282730809437317,aa
0.3195299405372407,1.114465619763294,0.1962659464239904,1.1986919872541002,aa
0.33910610850241346,1.1174786964031642,0.22215904788431495,1.2065121945691393,aa
0.3223272761103517,1.1382893152064624,0.22972107130735503,1.2227667809662546,aa
0.2831251813530893,1.1286038892866517,0.23561425749344345,1.214629353982971,aa
0.3016401199943204,1.1706468544650197,0.2705021151047704,1.2598227660198749,aa
0.2745075783917177,1.0960684575484851,0.3422561061207807,1.2052100664588197,aa
0.2289408955757839,1.1469859991851872,0.24722378858567085,1.2209221750697803,aa
0.25246624547265073,1.1372961582911825,0.25904698430046263,1.231140289231451,aa
0.3462304687099317,1.1234105864851835,0.2423012840824085,1.2227854198492505,aa
0.36495422906993147,1.11089017938202,0.2075258511296609,1.2074821133765183,aa
0.3035786460069056,1.0859955277360462,0.2364223754812292,1.1813254923909406,aa
0.2924371767310606,1.1647928048314538,0.2450153152580404,1.2495458441321583,aa
0.28964970360400355,1.1632693599074528,0.2867393521306006,1.256666446076747,aa
0.28586808646875755,1.1318276924257265,0.3166067696420405,1.2277362622504389,aa
0.22059817874397133,1.20566594104004,0.2719378624618837,1.2880989854327656,aa
0.2870625844626216,1.143822065798386,0.2419272128274836,1.2323857066487724,aa
0.309268858054275,1.1226177769374264,0.2693965291629856,1.213194166062617,aa
0.3651393372061108,1.1011461995058582,0.2733319167926538,1.2119669874599786,aa
0.2981431569572187,1.1244688982679605,0.2817398005232237,1.2229542133227762,aa
0.2429834062524497,1.1167187686584783,0.2595580393316453,1.1960622259034417,aa
0.2355599856804455,1.1756602869887776,0.3146387732801256,1.2587645479074008,aa
0.2516864621053895,1.162904534722763,0.2782056873904402,1.2494794179392827,aa
0.312529472924585,1.1290317074770058,0.2834304143164258,1.2318408382395452,aa
0.3135489740711196,1.1333431081571426,0.248441170561083,1.2290218011033216,aa
0.3239687162163515,1.1268213778678429,0.25965428415372804,1.225807634701165,aa
0.3388242820099468,1.105750654237844,0.26952134520875604,1.2168880514630058,aa
0.2949166908536081,1.1362365149592093,0.3264112755207913,1.2479293168349002,aa
0.2328289836398073,1.0915553501092052,0.34393520776333325,1.2086058650787717,aa
0.215093341483774,1.1896049441552443,0.27900580303336137,1.2842810596749237,aa
0.3004453084352799,1.1727750474816383,0.32166385071886056,1.2748994160485616,aa
0.3012344412957215,1.1667366438206206,0.2900490065604888,1.2596925771286298,aa
0.3264373093024299,1.1606326374150249,0.2154661553529872,1.2554064442068025,aa
0.3536204635617822,1.1266731549405973,0.21615813240648404,1.2233747754495272,aa
0.30359510632794606,1.1705935089316224,0.28733955292073377,1.2741127238312115,aa
0.2752862682864737,1.1277554555177838,0.3110570744699423,1.2297334269032865,aa
0.2542578065791999,1.1129789624021686,0.2733541031543851,1.1949659661711691,aa
0.2840379963564472,1.1263234827538582,0.31535891550521045,1.2265289786732447,aa
0.29586079788640185,1.1755607047442012,0.2833342586275429,1.2747590743559392,aa
0.3137346271127219,1.1380074162620282,0.25183408632282184,1.2343088715105903,aa
0.35089286848153056,1.111061627657467,0.25847329236496885,1.2129537243508677,aa
0.3418313480385132,1.1099087753428087,0.246018372470814,1.2059367421710552,aa
0.2730337191331267,1.1753057730247491,0.250639001783887,1.2561431768221407,aa
0.2323021341964862,1.1391702473344278,0.23549834362915556,1.2025935352559107,aa
0.22249495719504936,1.1047555016245385,0.2544563351300971,1.166854214286694,aa
0.21731628575361095,1.1190355523586115,0.2865414600309563,1.1888376736185176,aa
0.19238131612381648,1.128196057434223,0.28760393903076265,1.1955984964031083,aa
0.2665913016500725,1.11198501946763,0.32825374911519684,1.2007363816519299,aa
0.2655772743496592,1.1292902173408197,0.31996226119194393,1.213497561257635,aa
0.23947554551225975,1.162818412324893,0.3317892047844353,1.2442511111326988,aa
0.23858485760120765,1.1776742335746828,0.3378820197711707,1.2613992357756525,aa
0.18461872129936785,1.188518326414913,0.3391562198054512,1.2636851802104954,aa
0.21286863256670216,1.064345395165332,0.3033461722858434,1.1430283811818345,aa
0.2138228151795284,1.1538456977640774,0.297387647948637,1.222374130014992,aa
0.2817103805130062,1.1353179564655806,0.31203768180222696,1.22131048690393,aa
0.34243524833850714,1.1831952682537312,0.2951087132217985,1.2873329511663631,aa
0.2799432666429795,1.1944106522425566,0.2720764702844202,1.2785245090839121,aa
0.2900794382581385,1.1502073751447641,0.2989628516678327,1.2426438554837995,aa
0.3013072759034857,1.1551703525621138,0.29055671292029245,1.245877321658578,aa
0.23101436392083,1.1718383004144848,0.29556555052990163,1.2631292032213792,aa
0.2799592519481497,1.1419632444662555,0.2653022562427333,1.2339941308511164,aa
0.30990935848556217,1.1220754863796956,0.22902659212941134,1.2130357313340034,aa
0.3198545327090529,1.093854562178184,0.2457204126454294,1.1923987788699784,aa
0.28599235718139243,1.1364020292213333,0.28874887705411845,1.2362014893227495,aa
0.2630259137451764,1.132872228794347,0.2780222531026608,1.213344431141889,aa
0.2683661445434366,1.1083687334263277,0.2632639247537918,1.1854290867549806,aa
0.2861333223785266,1.1760135076517169,0.2923098257085573,1.2687395422297247,aa
0.26174107251182305,1.1120550308873818,0.2461969098083034,1.1997868746674194,aa
0.2228218204065819,1.0048818640279884,0.25505852275085905,1.0755842929349004,aa
0.25313146504833445,0.974836389673668,-0.1158377501364362,1.0407326847926834,aa
0.2563901908437834,0.9345679740103956,-0.19144155462721668,0.9902919242208807,aa
0.36897872623910616,1.0845193460029916,0.2677146662912694,1.1978146897712658,aa
0.3095293193342428,1.1049353063079046,0.2415834194558832,1.1968600875299835,aa
0.2915345425679454,1.1348561383175453,0.3271811542384752,1.256959300677452,aa
0.2812061992635953,1.1824497584446774,0.2412595464199831,1.2653235940406673,aa
0.2979653449517107,1.1514762257981506,0.2906487872584769,1.244077598603915,aa
0.2694633198464333,1.1653178023762183,0.284189114322851,1.253795271117239,aa
0.3249527042376434,1.161395717466405,0.2914845283487473,1.2609129168436155,aa
0.3143096425822653,1.166059215938595,0.3012854888691129,1.2721551252958914,aa
0.3478832543941806,1.1561872738346244,0.2529439643000509,1.2577408492088102,aa
0.3339156240453192,1.1664735343384345,0.2442859262541819,1.2614913594374746,aa
0.2583784880262219,1.1669821719016942,0.2448655267598912,1.2613009347473507,aa
0.28530578806360896,1.2089743321488078,0.2812891238702886,1.2979584347092379,aa
0.2706424232264821,1.19721155723003,0.34637478803575555,1.2983892536146435,aa
0.2722421960611375,1.1496982794510453,0.3438097986497789,1.260500920539104,aa
0.27980086531103426,1.1364413171323149,0.28844887569240324,1.2366159389301812,aa
0.30403690828209523,1.1307015462517662,0.2822416798719343,1.2402300460911089,aa
0.3462335024958376,1.1375229678179954,0.21990488187948706,1.2339389908709169,aa
0.3647593606053853,1.1067858245457929,0.26270379814786765,1.2172644441234577,aa
-0.6585313299130844,1.0831906804625642,0.3403010762912904,1.339527780405103,aa
-0.5806644284548598,1.0872887257226147,0.1968804580700617,1.2796079383826096,aa
-0.5490347969998038,1.1055719818629597,0.31973217626415296,1.3214808774619953,aa
-0.4877147805580298,1.1380031813661518,0.22799004024319136,1.2822178886983984,aa
-0.4826346213278802,1.1307614753451347,0.2462389133349014,1.2775174123483737,aa
-0.4820917473805292,1.1269608408348342,0.22353131006432733,1.269656234379575,aa
-0.4793846258057653,1.1214937819572512,0.2314045877027892,1.2716474078253297,aa
-0.5531698840344101,1.0613573301313521,0.28399675376768,1.2564881682673654,aa
-0.5484925362323321,1.0372694654371584,0.2874495717376097,1.232897441260028,aa
-0.6121223928243462,1.0459271079589585,0.3107838924711576,1.2789992536368997,aa
-0.5644068280854849,1.0272897378636414,0.2810672183488037,1.242457260399514,aa
-0.4647378713351562,1.11697159946014,0.2086526295465276,1.24384826691183,aa
-0.490681993211641,1.1191785990371417,0.2263315167103677,1.2680783694552284,aa
-0.4480003120320405,1.0913447760325592,0.1986954789298352,1.2139010860603183,aa
-0.4895781831709493,1.1008011182324275,0.2120331177881039,1.2433990303085076,aa
-0.5606462550830236,1.0718130796608918,0.3136556244668907,1.2936268632155368,aa
-0.4933586288764822,1.0676691126155742,0.2780256707643428,1.2306742590205098,aa
-0.5672250318800005,1.0659588427090567,0.3642722356677048,1.289751654176658,aa
-0.5013012459536794,1.1173279693202418,0.2252444783333674,1.2585453287988508,aa
-0.4955752187617601,1.0944541492680824,0.2145999777714551,1.2339218873942273,aa
-0.5151232522425867,1.0822370395169971,0.2713708245463712,1.2593291378730544,aa
-0.49323894541723207,1.0822764204188922,0.2577431842663083,1.240728025403011,aa
-0.4702263800880541,1.0875022084207702,0.1962150224798308,1.225753892261613,aa
-0.4970272417459466,1.0822622055117035,0.2048480606211094,1.226117681485428,aa
-0.4847768735361514,1.120413917045485,0.23693571500201696,1.2617637165136928,aa
-0.596092277305287,1.0677454104838278,0.28310968104594353,1.2842948017071567,aa
-0.5961965747949399,1.0381815807490558,0.2945915168170767,1.2669856415232017,aa
-0.5838034601454394,1.051461101988928,0.3172827911624929,1.2814325142515868,aa
-0.5443323822687934,1.0777377968761157,0.276895299746649,1.2742443304562538,aa
-0.5305891975467751,1.0629932532113104,0.23163362155213074,1.2415125460545515,aa
-0.490351881043264,1.1110000366354609,0.2547331026233369,1.271622764107723,aa
-0.5382547471937126,1.1060157759163272,0.19702433628292526,1.277102006050178,aa
-0.482869770019891,1.1103350359829045,0.22447893118550205,1.25772553930701,aa
-0.5794389080519108,1.0659918505226469,0.3339458790139661,1.304635739699633,aa
-0.5431187035755809,1.086444255930192,0.26306304330115104,1.2677984464730458,aa
-0.6435705825556088,1.0707606642709278,0.3378286752263294,1.3317964564728522,aa
-0.5834600526238586,1.0802246680202992,0.2254299181057986,1.2722894102156737,aa
-0.6612501993740199,1.0696124833594418,0.3367622136062561,1.3494537436174794,aa
-0.5252845452856155,1.1119487265729149,0.28708454117122284,1.284325203886312,aa
-0.5508738144944615,1.186721991273053,0.2992426756218378,1.3850890675831216,aa
-0.605503303939866,1.095520645020827,0.2762008474463332,1.3243518065829654,aa
-0.5612381358664185,1.1085424524901808,0.25559471165680736,1.311180321149389,aa
-0.5580659633641533,1.109667597253874,0.2928630731910837,1.3098552714722342,aa
-0.5235208112984345,1.1236600206422689,0.2432283229239751,1.2861287525535623,aa
-0.523714977578096,1.1333078406993429,0.2430104953371391,1.3005108762563615,aa
-0.5212711324327793,1.1491803224389905,0.2502381492752359,1.304571040105828,aa
-0.5953942122137275,1.117111828836556,0.32046575404755145,1.344501291514842,aa
-0.5635038965983928,1.1090652043204758,0.3216057878588541,1.314609918233328,aa
-0.5742097117788594,1.13224741460877,0.3291767499628107,1.3396798307650473,aa
-0.6544908860759725,1.1070747857797512,0.35402330017983746,1.3848390391351053,aa
-0.5856649800915693,1.102853277913751,0.35682928656607343,1.3534285528298522,aa
-0.5237034998545279,1.1330516757259042,0.2142710807331888,1.3006032520344328,aa
-0.5085804001713775,1.1475081372074405,0.2831467232961586,1.310989131017023,aa
-0.5283457985524812,1.1135674754736584,0.2753380753343052,1.293898784973037,aa
-0.5712480371840583,1.103576975483387,0.25614852268293875,1.319635657440832,aa
-0.5784451950400981,1.1029605519214931,0.2563951546036091,1.3187693148863526,aa
-0.484649987344889,1.1602128706348374,0.2440525873559907,1.2993203109984317,aa
-0.6083582983594562,1.1022807980195473,0.31152487959483344,1.332398106574795,aa
-0.5209474912622496,1.135654068527694,0.27211198739101483,1.3010633899979036,aa
-0.6411943483077223,1.0872291311826416,0.3079900337451516,1.345667561162437,aa
-0.5727239732715801,1.1258324004673783,0.2473475034261955,1.33056307983929,aa
-0.5611634166500475,1.151387674471175,0.3071707764566151,1.3540925072086976,aa
-0.5497317133583056,1.168254951217302,0.26844463846952066,1.3569110890704732,aa
-0.5317390991529553,1.1596768276745788,0.2369472072973812,1.329714193157829,aa
-0.5235047239461398,1.0877920891591502,0.2327281344533447,1.2535238967715174,aa
-0.5188658658195255,1.1087214528720886,0.245368590341306,1.2875688670233525,aa
-0.5706053807776744,1.0868649029091826,0.2954592196206563,1.3180172358388196,aa
-0.5192540283483799,1.152047831508268,0.2862068338588493,1.3217846326158107,aa
-0.5294782225960452,1.1363633694732238,0.2943957967069728,1.3106421479350745,aa
-0.5313857841465514,1.1511666583139222,0.2745273313740777,1.3156578362859752,aa
-0.5249918038795642,1.0904784957976048,0.28166559628815485,1.2721785172420668,aa
-0.5484196927878656,1.1216605632606618,0.2549354266674759,1.3118336009943392,aa
-0.5203724974492029,1.1581886568524498,0.28270048255361435,1.339652430154982,aa
-0.4525802188656482,1.156496077350086,0.2710656692932097,1.299115779076335,aa
-0.5035750369406167,1.1462621903399748,0.26874758385686986,1.3041600848589114,aa
-0.5489289093499594,1.1058647043877017,0.25475518133487546,1.2985584725603128,aa
-0.5170503588202794,1.1681030403467227,0.32748435069386145,1.3435212385290654,aa
-0.5691658945715888,1.1082812545433538,0.256311485756661,1.3044621965386003,aa
-0.5801921450786743,1.1126272020298074,0.21323187255648868,1.3049738639536073,aa
-0.5719171158539113,1.139655185122338,0.1936090106928702,1.3428392497624362,aa
-0.5174781041125637,1.1354053628383065,0.2806766009271186,1.3281821792283282,aa
-0.4484503307415772,1.1774485741183125,0.2532142028186077,1.30897029640759,aa
-0.4895928915324304,1.13753503275157,0.2344504627841035,1.2889949460871424,aa
-0.5090487653518596,1.111698125917908,0.2287343434284907,1.2836617858348955,aa
-0.51540004039938,1.124838896560853,0.24928622174001616,1.2999967602490037,aa
-0.5530161732687725,1.1116224996769624,0.3013725675636862,1.3203440276065446,aa
-0.6091093123582931,1.0656935645550203,0.2794705912476914,1.2993229075124302,aa
-0.5667568428914141,1.1307780952410724,0.2999621820637762,1.3261284994863702,aa
-0.5661833114554847,1.1687332821291343,0.2712631182115835,1.3535515127491708,aa
-0.5331016681759643,1.1476145105405664,0.3122889191619801,1.3352106997575428,aa
-0.5411646920230999,1.1626002724096505,0.26074366578943425,1.3432031429202889,aa
-0.458302082855357,1.1648978184741203,0.27523478265118023,1.3031964014801298,aa
-0.4634664807535319,1.1582909044800258,0.24116653925053094,1.2993900406000378,aa
-0.5499291010018872,1.1026044561918331,0.26709754024940596,1.3037582396758896,aa
-0.5560633133110011,1.0784823732600628,0.2422676171563923,1.2873536387500155,aa
-0.6067178054414439,1.0785528162165274,0.28498021594751577,1.308465793477502,aa
-0.6285968523300046,1.0871299731310256,0.32646914684577005,1.3383025033872045,aa
-0.6298281020211994,1.1185572761233864,0.30978195586192264,1.359214903552785,aa
-0.5630759550811164,1.0974602467563748,0.2723262692075701,1.3067996065569798,aa
-0.5024374552911764,1.1499662347234396,0.2937622493846347,1.3246819669743488,aa
-0.5658365063112654,1.1009504207940906,0.22517593805911815,1.3073359609649535,aa
-0.5251979217695891,1.1093500278541322,0.2700159254647174,1.3035423485044169,aa
-0.5171676430545912,1.1090435660207159,0.2662074226073318,1.2793783253401383,aa
-0.4744701127176803,1.1418048559143992,0.22126980476924335,1.281100297537398,aa
-0.4759692329761163,1.144216777439631,0.23918054666307706,1.2844469984200602,aa
-0.5898909661162903,1.125428969218885,0.3129468185406331,1.342296201253156,aa
-0.6029742617363361,1.0396629306963143,0.2905914981178936,1.2699135136061224,aa
-0.5203691087859691,1.1034743281863433,0.2934882008313969,1.277682328506993,aa
-0.5525569742688231,1.0964081231729583,0.23663535409629816,1.2768694216214649,aa
-0.5733941912157463,1.0688435385267183,0.2884814811952779,1.3015509364057898,aa
-0.5160306013546903,1.0921140329069152,0.21662004638987387,1.2579595935923953,aa
-0.4802285972961997,1.1264513816905544,0.21500814388932984,1.263773099615815,aa
-0.4667944274150328,1.145477600356256,0.1664660723585281,1.2702056365665024,aa
-0.4579323903207882,1.140191598440309,0.22676244472061166,1.269432274003272,aa
-0.5152103985897292,1.09410854850645,0.2429299051879416,1.2656243793486324,aa
-0.5321621637410909,1.1669965354174183,0.3080439446736251,1.3381600243563507,aa
-0.4885176811015878,1.1204219992632931,0.2158399857282872,1.2575881311074524,aa
-0.4948949971923616,1.2053827138486763,0.2273714761626152,1.3443924715792257,aa
-0.4822234994447331,1.1708199121145224,0.21195841221536274,1.3052478496297664,aa
-0.5305971634357055,1.1213735204729929,0.1764032582148956,1.2843322946310294,aa
-0.455687490375856,1.1587866841558272,0.2052999086426081,1.2806968436015234,aa
-0.42508945616049787,1.1421682853079986,0.22064958782999644,1.253421417277831,aa
-0.5267621623170667,1.076825776938592,0.2341887343193497,1.263764544584853,aa
-0.5190725648982077,1.1356825852627048,0.28821544196483456,1.30545773959133,aa
-0.4981557105234939,1.1157053730878708,0.2637389506689169,1.2639170882900228,aa
-0.5013187967559835,1.083431498339041,0.2582889607948622,1.2416705748347967,aa
-0.5870097170218987,1.0936820849050521,0.26941217215658403,1.3217151580646005,aa
-0.5094548717118058,1.127471734345473,0.2600714653723359,1.3059107739708622,aa
-0.5246554660974679,1.11080220954501,0.2338186129598833,1.2755465952010214,aa
-0.5185830665393507,1.1295904898490996,0.2263106924587452,1.2888600338674272,aa
-0.5061447878573978,1.100719610817344,0.2387880683042233,1.2688986944719458,aa
-0.5715476576414109,1.0743302659437444,0.2826126941179725,1.2989074905554474,aa
-0.5406054089725605,1.1488924030018186,0.2848120717359881,1.3244080524899675,aa
-0.6229570615431506,1.1082400640225585,0.2689084188969585,1.3341072595161985,aa
-0.6585313299130844,1.0831906804625642,0.3403010762912904,1.339527780405103,aa
-0.5806644284548598,1.0872887257226147,0.1968804580700617,1.2796079383826096,aa
-0.5490347969998038,1.1055719818629597,0.31973217626415296,1.3214808774619953,aa
-0.4877147805580298,1.1380031813661518,0.22799004024319136,1.2822178886983984,aa
-0.4826346213278802,1.1307614753451347,0.2462389133349014,1.2775174123483737,aa
-0.4820917473805292,1.1269608408348342,0.22353131006432733,1.269656234379575,aa
-0.4793846258057653,1.1214937819572512,0.2314045877027892,1.2716474078253297,aa
-0.5531698840344101,1.0613573301313521,0.28399675376768,1.2564881682673654,aa
-0.5484925362323321,1.0372694654371584,0.2874495717376097,1.232897441260028,aa
-0.6121223928243462,1.0459271079589585,0.3107838924711576,1.2789992536368997,aa
-0.5644068280854849,1.0272897378636414,0.2810672183488037,1.242457260399514,aa
-0.4647378713351562,1.11697159946014,0.2086526295465276,1.24384826691183,aa
-0.490681993211641,1.1191785990371417,0.2263315167103677,1.2680783694552284,aa
-0.4480003120320405,1.0913447760325592,0.1986954789298352,1.2139010860603183,aa
-0.4895781831709493,1.1008011182324275,0.2120331177881039,1.2433990303085076,aa
-0.5606462550830236,1.0718130796608918,0.3136556244668907,1.2936268632155368,aa
-0.4933586288764822,1.0676691126155742,0.2780256707643428,1.2306742590205098,aa
-0.5672250318800005,1.0659588427090567,0.3642722356677048,1.289751654176658,aa
-0.5013012459536794,1.1173279693202418,0.2252444783333674,1.2585453287988508,aa
-0.4955752187617601,1.0944541492680824,0.2145999777714551,1.2339218873942273,aa
-0.5151232522425867,1.0822370395169971,0.2713708245463712,1.2593291378730544,aa
-0.49323894541723207,1.0822764204188922,0.2577431842663083,1.240728025403011,aa
-0.4702263800880541,1.0875022084207702,0.1962150224798308,1.225753892261613,aa
-0.4970272417459466,1.0822622055117035,0.2048480606211094,1.226117681485428,aa
-0.4847768735361514,1.120413917045485,0.23693571500201696,1.2617637165136928,aa
-0.596092277305287,1.0677454104838278,0.28310968104594353,1.2842948017071567,aa
-0.5961965747949399,1.0381815807490558,0.2945915168170767,1.2669856415232017,aa
-0.5838034601454394,1.051461101988928,0.3172827911624929,1.2814325142515868,aa
-0.5443323822687934,1.0777377968761157,0.276895299746649,1.2742443304562538,aa
-0.5305891975467751,1.0629932532113104,0.23163362155213074,1.2415125460545515,aa
-0.490351881043264,1.1110000366354609,0.2547331026233369,1.271622764107723,aa
-0.5382547471937126,1.1060157759163272,0.19702433628292526,1.277102006050178,aa
-0.482869770019891,1.1103350359829045,0.22447893118550205,1.25772553930701,aa
-0.5794389080519108,1.0659918505226469,0.3339458790139661,1.304635739699633,aa
-0.5431187035755809,1.086444255930192,0.26306304330115104,1.2677984464730458,aa
-0.6435705825556088,1.0707606642709278,0.3378286752263294,1.3317964564728522,aa
-0.5834600526238586,1.0802246680202992,0.2254299181057986,1.2722894102156737,aa
-0.6612501993740199,1.0696124833594418,0.3367622136062561,1.3494537436174794,aa
-0.5252845452856155,1.1119487265729149,0.28708454117122284,1.284325203886312,aa
-0.5508738144944615,1.186721991273053,0.2992426756218378,1.3850890675831216,aa
-0.605503303939866,1.095520645020827,0.2762008474463332,1.3243518065829654,aa
-0.5612381358664185,1.1085424524901808,0.25559471165680736,1.311180321149389,aa
-0.5580659633641533,1.109667597253874,0.2928630731910837,1.3098552714722342,aa
-0.5235208112984345,1.1236600206422689,0.2432283229239751,1.2861287525535623,aa
-0.523714977578096,1.1333078406993429,0.2430104953371391,1.3005108762563615,aa
-0.5212711324327793,1.1491803224389905,0.2502381492752359,1.304571040105828,aa
-0.5953942122137275,1.117111828836556,0.32046575404755145,1.344501291514842,aa
-0.5635038965983928,1.1090652043204758,0.3216057878588541,1.314609918233328,aa
-0.5742097117788594,1.13224741460877,0.3291767499628107,1.3396798307650473,aa
-0.6544908860759725,1.1070747857797512,0.35402330017983746,1.3848390391351053,aa
-0.5856649800915693,1.102853277913751,0.35682928656607343,1.3534285528298522,aa
-0.5237034998545279,1.1330516757259042,0.2142710807331888,1.3006032520344328,aa
-0.5085804001713775,1.1475081372074405,0.2831467232961586,1.310989131017023,aa
-0.5283457985524812,1.1135674754736584,0.2753380753343052,1.293898784973037,aa
-0.5712480371840583,1.103576975483387,0.25614852268293875,1.319635657440832,aa
-0.5784451950400981,1.1029605519214931,0.2563951546036091,1.3187693148863526,aa
-0.484649987344889,1.1602128706348374,0.2440525873559907,1.2993203109984317,aa
-0.6083582983594562,1.1022807980195473,0.31152487959483344,1.332398106574795,aa
-0.5209474912622496,1.135654068527694,0.27211198739101483,1.3010633899979036,aa
-0.6411943483077223,1.0872291311826416,0.3079900337451516,1.345667561162437,aa
-0.5727239732715801,1.1258324004673783,0.2473475034261955,1.33056307983929,aa
-0.5611634166500475,1.151387674471175,0.3071707764566151,1.3540925072086976,aa
-0.5497317133583056,1.168254951217302,0.26844463846952066,1.3569110890704732,aa
-0.5317390991529553,1.1596768276745788,0.2369472072973812,1.329714193157829,aa
-0.5235047239461398,1.0877920891591502,0.2327281344533447,1.2535238967715174,aa
-0.5188658658195255,1.1087214528720886,0.245368590341306,1.2875688670233525,aa
-0.5706053807776744,1.0868649029091826,0.2954592196206563,1.3180172358388196,aa
-0.5192540283483799,1.152047831508268,0.2862068338588493,1.3217846326158107,aa
-0.5294782225960452,1.1363633694732238,0.2943957967069728,1.3106421479350745,aa
-0.5313857841465514,1.1511666583139222,0.2745273313740777,1.3156578362859752,aa
-0.5249918038795642,1.0904784957976048,0.28166559628815485,1.2721785172420668,aa
-0.5484196927878656,1.1216605632606618,0.2549354266674759,1.3118336009943392,aa
-0.5203724974492029,1.1581886568524498,0.28270048255361435,1.339652430154982,aa
-0.4525802188656482,1.156496077350086,0.2710656692932097,1.299115779076335,aa
-0.5035750369406167,1.1462621903399748,0.26874758385686986,1.3041600848589114,aa
-0.5489289093499594,1.1058647043877017,0.25475518133487546,1.2985584725603128,aa
-0.5170503588202794,1.1681030403467227,0.32748435069386145,1.3435212385290654,aa
-0.5691658945715888,1.1082812545433538,0.256311485756661,1.3044621965386003,aa
-0.5801921450786743,1.1126272020298074,0.21323187255648868,1.3049738639536073,aa
-0.5719171158539113,1.139655185122338,0.1936090106928702,1.3428392497624362,aa
-0.5174781041125637,1.1354053628383065,0.2806766009271186,1.3281821792283282,aa
-0.4484503307415772,1.1774485741183125,0.2532142028186077,1.30897029640759,aa
-0.4895928915324304,1.13753503275157,0.2344504627841035,1.2889949460871424,aa
-0.5090487653518596,1.111698125917908,0.2287343434284907,1.2836617858348955,aa
-0.51540004039938,1.124838896560853,0.24928622174001616,1.2999967602490037,aa
-0.5530161732687725,1.1116224996769624,0.3013725675636862,1.3203440276065446,aa
-0.6091093123582931,1.0656935645550203,0.2794705912476914,1.2993229075124302,aa
-0.5667568428914141,1.1307780952410724,0.2999621820637762,1.3261284994863702,aa
-0.5661833114554847,1.1687332821291343,0.2712631182115835,1.3535515127491708,aa
-0.5331016681759643,1.1476145105405664,0.3122889191619801,1.3352106997575428,aa
-0.5411646920230999,1.1626002724096505,0.26074366578943425,1.3432031429202889,aa
-0.458302082855357,1.1648978184741203,0.27523478265118023,1.3031964014801298,aa
-0.4634664807535319,1.1582909044800258,0.24116653925053094,1.2993900406000378,aa
-0.5499291010018872,1.1026044561918331,0.26709754024940596,1.3037582396758896,aa
-0.5560633133110011,1.0784823732600628,0.2422676171563923,1.2873536387500155,aa
-0.6067178054414439,1.0785528162165274,0.28498021594751577,1.308465793477502,aa
-0.6285968523300046,1.0871299731310256,0.32646914684577005,1.3383025033872045,aa
-0.6298281020211994,1.1185572761233864,0.30978195586192264,1.359214903552785,aa
-0.5630759550811164,1.0974602467563748,0.2723262692075701,1.3067996065569798,aa
-0.5024374552911764,1.1499662347234396,0.2937622493846347,1.3246819669743488,aa
-0.5658365063112654,1.1009504207940906,0.22517593805911815,1.3073359609649535,aa
-0.5251979217695891,1.1093500278541322,0.2700159254647174,1.3035423485044169,aa
-0.5171676430545912,1.1090435660207159,0.2662074226073318,1.2793783253401383,aa
-0.4744701127176803,1.1418048559143992,0.22126980476924335,1.281100297537398,aa
-0.4759692329761163,1.144216777439631,0.23918054666307706,1.2844469984200602,aa
-0.5898909661162903,1.125428969218885,0.3129468185406331,1.342296201253156,aa
-0.6029742617363361,1.0396629306963143,0.2905914981178936,1.2699135136061224,aa
-0.5203691087859691,1.1034743281863433,0.2934882008313969,1.277682328506993,aa
-0.5525569742688231,1.0964081231729583,0.23663535409629816,1.2768694216214649,aa
-0.5733941912157463,1.0688435385267183,0.2884814811952779,1.3015509364057898,aa
-0.5160306013546903,1.0921140329069152,0.21662004638987387,1.2579595935923953,aa
-0.4802285972961997,1.1264513816905544,0.21500814388932984,1.263773099615815,aa
-0.4667944274150328,1.145477600356256,0.1664660723585281,1.2702056365665024,aa
-0.4579323903207882,1.140191598440309,0.22676244472061166,1.269432274003272,aa
-0.5152103985897292,1.09410854850645,0.2429299051879416,1.2656243793486324,aa
-0.5321621637410909,1.1669965354174183,0.3080439446736251,1.3381600243563507,aa
-0.4885176811015878,1.1204219992632931,0.2158399857282872,1.2575881311074524,aa
-0.4948949971923616,1.2053827138486763,0.2273714761626152,1.3443924715792257,aa
-0.4822234994447331,1.1708199121145224,0.21195841221536274,1.3052478496297664,aa
-0.5305971634357055,1.1213735204729929,0.1764032582148956,1.2843322946310294,aa
-0.455687490375856,1.1587866841558272,0.2052999086426081,1.2806968436015234,aa
-0.42508945616049787,1.1421682853079986,0.22064958782999644,1.253421417277831,aa
-0.5267621623170667,1.076825776938592,0.2341887343193497,1.263764544584853,aa
-0.5190725648982077,1.1356825852627048,0.28821544196483456,1.30545773959133,aa
-0.4981557105234939,1.1157053730878708,0.2637389506689169,1.2639170882900228,aa
-0.5013187967559835,1.083431498339041,0.2582889607948622,1.2416705748347967,aa
-0.5870097170218987,1.0936820849050521,0.26941217215658403,1.3217151580646005,aa
-0.5094548717118058,1.127471734345473,0.2600714653723359,1.3059107739708622,aa
-0.5246554660974679,1.11080220954501,0.2338186129598833,1.2755465952010214,aa
-0.5185830665393507,1.1295904898490996,0.2263106924587452,1.2888600338674272,aa
-0.5061447878573978,1.100719610817344,0.2387880683042233,1.2688986944719458,aa
-0.5715476576414109,1.0743302659437444,0.2826126941179725,1.2989074905554474,aa
-0.5406054089725605,1.1488924030018186,0.2848120717359881,1.3244080524899675,aa
-0.6229570615431506,1.1082400640225585,0.2689084188969585,1.3341072595161985,aa
